mean,var
10830.256232686981,54651473.75013429
11.849030470914128,106.44673728716019
