mean,var
12709.381712626995,89954443.08361332
20.62322206095791,102.6302444804422
