mean,var
10952.702777777778,56138190.519992284
11.633333333333333,85.69055555555555
